entry_id,user_id,date
aryan,,
aryan,,
aryan,,
aryan,,
aryan,,
aryan,,
aryan,,
aryan,,
aryan,,
aryan,,
aryan,,
aryan,,
aryan,,
aryan,,
aryan,,
aryan,,
aryan,,
aryan,,
aryan,,
aryan,,
aryan,,
aryan,,
aryan,,
aryan,,
aryan,,
aryan,,
aryan,,
aryan,,
student_001,,
student_001,,
student_001,,
student_001,,
student_001,,
student_001,,
student_001,,
student_001,,
student_001,,
student_001,,
student_001,,
student_001,,
student_001,,
student_001,,
student_001,,
student_001,,
student_001,,
student_001,,
student_001,,
student_001,,
student_001,,
student_001,,
student_001,,
student_001,,
student_001,,
student_001,,
student_001,,
student_001,,
student_001,,
student_001,,
student_001,,
student_001,,
student_001,,
student_001,,
student_001,,
student_123,,
student_123,,
student_123,,
student_123,,
student_123,,
student_123,,
student_123,,
student_123,,
student_123,,
student_123,,
student_123,,
student_123,,
student_123,,
student_123,,
student_123,,
student_123,,
student_123,,
student_123,,
student_123,,
student_123,,
student_123,,
student_123,,
student_123,,
student_123,,
student_123,,
student_123,,
student_123,,
student_123,,
student_123,,
student_123,,
student_123,,
student_123,,
student_12,,
student_12,,
student_12,,
student_12,,
student_12,,
student_12,,
student_12,,
student_12,,
student_12,,
student_12,,
student_12,,
student_12,,
student_12,,
student_12,,
student_12,,
student_12,,
student_12,,
student_12,,
student_12,,
student_12,,
student_12,,
student_12,,
student_12,,
student_12,,
student_12,,
student_12,,
student_12,,
